Id,class_0,class_1
00eed32682bb,0.9968181498264717,0.0031818501735283037
010ebe33f668,0.9968181498264717,0.0031818501735283037
02fa521e1838,0.9968181498264717,0.0031818501735283037
040e15f562a2,0.9968181498264717,0.0031818501735283037
046e85c7cc7f,0.9968181498264717,0.0031818501735283037
